bob603:bob603
brownkameron789:brownkameron789
bubbawessels:bubbawessels
bugmunch:bugmunch
byuboy:byuboy
cam1122:cam1122
carlantoine:carlantoine
carver237:carver237
CGray99:CGray99
chedda12:chedda12
chen1231:chen1231
chielk1:chielk1
chino617:chino617
chrisrowls9:chrisrowls
chuckbently:chuckbently
cikiterry:cikiterry
clodoll:clodoll
conkerbn44:conkerbn44
cookie12369:cookie12369
corey32:corey32
CrackerMaster:CrackerMaster
crazigirl98:crazigirl98
crispytater:crispytater
css27:css28
darelle:darelle
dddjjj:dddjjj
denmandunan:denmandunan
dexfire:dexfire
dill98z:dill98z
DJ17:DJ17
doom30025:doom30025
dragflex:dragflex
Dragon55818:Dragon55
dreamer829:dreamer829
drego88:drego88
dssdds:dssdds
dude333111:dude333111
dylb10:dylb10
emilyr:emilyr
emoboy1234:emoboy
falcon54:falcon54
gameplayer3:gameplayer3
gameplayer4:gameplayer4
gancore56:gancore56
god456:god456
golo193:golo193
Goppy768:Goppy768
gregoryfb:gregoryfb
hatzold:hatzold
Haza12:Haza12
hmnib:hmnib
ikel123:ikel123
itsmedave:itsmedave
jacobina10:jacobina10
jadalin:jadalin
james11432:james11432
jasmyne101:jasmyne101
jerryrocks13:jerryrocks13
Jet31:Jet31
jfresh:jfresh
jmilhouse:jmilhouse
JOBLOX10000:JOBLOX
joe12346:joe12346
joeireland:joeireland
joesircar:joesircar
Johardinho:Johardinho
jrock1159:jrock1159
jthammond:jthammond
julti:julti
Jus4fun:Jus4fun
justin1012:justin1012
k9super4:k9super4
kaantr:kaantr
Kanlaru:Kanlaru
karuzmie:karuzmie
keekee1990:keekee1990
kenzaykat2:kenzaykat2
kevinjonas:kevinjonas
kevinskazi:kevinskazi
keyuna01:keyuna01
keyuna02:keyuna02
killbone:killbone
King11134:King
kingofeverything:kingofeverything
kl7mutd:kl7mutd
KMan1993:KMan1993
Koga420:Koga420
kolby13:kolby13
koolkeny:koolkeny
kronik12:kronik12
KSINDGA:KSINDGA
l300l30:l300l30
lakiesha27:lakiesha27
lamio123:lamio123
lana32:lana32
laptop877:laptop877
legoman14:legoman14
leon56789:leon56789
lilmoon:lilmoon21
LILPRE12:LILPRE12
linze:linze
LOLLI06:LOLLI06
lordofthepythons:lordofthepythons
lovebug9987:lovebug9987
lsu5755:lsu1
mady37:mady37
marchboy:marchboy
maryroses:maryroses
marzahn:marzahn
mastag:mastag
MasterWu:MasterWu
MAX119:MAX119
mddr:mddr
migliore:migliore
mmommo:mmommo
moffett:moffett
mogster:mogster
moh1942:moh1942
mokesmoe:mokesmoe
mrmetal08:mrmetal08
MUSHKY:MUSHKY
naruto1010:naruto1010
nate26:nate26
NIKMAN:NIKMAN
nitsujx:nitsujx
no1karatyk:no1karatyk
nonopo:nonopo
nrubua:nrubua
omgman:omgman
onder:onder
orpra:orpra
P00P00:P00P00
pachabugs:pachabugs
Packer4:Packer4
peterbilt93:peterbilt93
Puggle64:Puggle64
rbyrnes:rbyrnes
redbot60:redbot60
rem1100:rem1100
Riley232:Riley232
robby838:robby838
robotlox:robotlox
RodBold96:RodBold96
sandy580:sandy580
sceletonboy:sceletonboy
shadowlink45:shadowlink45
shayone:shayone
shortysrus69:shortysrus69
smart95:smart95
snshnby84:snshnby84
soccerpricness:soccerpricness
sonicphi:sonicphi
spadbs:spadbs
sudesh:sudesh
Sunnybubunny:mother97
tahmar:tahmar
tavis550:tavis
teenqueen123:teenqueen123
tenten997:tenten997
terd99:terd99
terrion14:terrion14
theman7:theman7
timdart:timdart
timmy94jr:timmy94jr
tkdouble0:tkdouble0
tnuter:tnuter
tomanynoobs:tomanynoobs
treffen:treffen
trever3:trever3
tylerclark:tylerclark
ugly831:ugly831
union77:union77
warriors616:warriors616
WildRiley:WildRiley
xmcr33:xmcr33
yoshy2424:yoshy2424
yoyoyoey:yoyoyoey
zach112:zach112
zerozx23:zerozx23
zeus213:zeus213
